{"cameraMode":{"drawMode":0,"name":"Shaded","section":"Shading Mode"},"sceneLighting":true,"audioPlay":false,"sceneViewState":{"m_AlwaysRefresh":false,"showFog":true,"showSkybox":true,"showFlares":true,"showImageEffects":true,"showParticleSystems":true,"showVisualEffectGraphs":true,"m_FxEnabled":true},"in2DMode":false,"pivot":{"x":5.4229936599731449,"y":6.278640270233154,"z":5.8976593017578129},"rotation":{"x":-0.014702714048326016,"y":0.01894824393093586,"z":-0.0006367356400005519,"w":-0.9998287558555603},"size":25.496057510375978,"orthographic":false}